ID|label
0|1
1|1
2|1
3|1
4|1
5|1
6|1
7|1
8|1
9|1
10|1
11|1
12|1
13|1
14|1
15|1
16|1
17|1
18|1
19|1
20|1
21|1
22|1
23|1
24|1
25|1
26|1
27|1
28|1
29|1
30|1
31|1
32|1
33|1
34|1
35|1
36|1
37|1
38|1
39|1
40|1
41|1
42|1
43|1
44|1
45|1
46|1
47|1
48|1
49|1
50|1
51|1
52|1
53|1
54|1
55|1
56|1
57|1
58|1
59|1
60|1
61|1
62|1
63|1
64|1
65|1
66|1
67|1
68|1
69|1
70|1
71|1
72|1
73|1
74|1
75|1
76|1
77|1
78|1
79|1
80|1
81|1
82|1
83|1
84|1
85|1
86|1
87|1
88|1
89|1
90|1
91|1
92|1
93|1
94|1
95|1
96|1
97|1
98|1
99|1
100|1
101|1
102|1
103|1
104|1
105|1
106|1
107|1
108|1
109|1
110|1
111|1
112|1
113|1
114|1
115|1
116|1
117|1
118|1
119|1
120|1
121|1
122|1
123|1
124|1
125|1
126|1
127|1
128|1
129|1
130|1
131|1
132|1
133|1
134|1
135|1
136|1
137|1
138|1
139|1
140|1
141|1
142|1
143|1
144|1
145|1
146|1
147|1
148|1
149|1
150|1
151|1
152|1
153|1
154|1
155|1
156|1
157|1
158|1
159|1
160|1
161|1
162|1
163|1
164|1
165|1
166|1
167|1
168|1
169|1
170|1
171|1
172|1
173|1
174|1
175|1
176|1
177|1
178|1
179|1
180|1
181|1
182|1
183|1
184|1
185|1
186|1
187|1
188|1
189|1
190|1
191|1
192|1
193|1
194|1
195|1
196|1
197|1
198|1
199|1
200|1
201|1
202|1
203|1
204|1
205|1
206|1
207|1
208|1
209|1
210|1
211|1
212|1
213|1
214|1
215|1
216|1
217|1
218|1
219|1
220|1
221|1
222|1
223|1
224|1
225|1
226|1
227|1
228|1
229|1
230|1
231|1
232|1
233|1
234|1
235|1
236|1
237|1
238|1
239|1
240|1
241|1
242|1
243|1
244|1
245|1
246|1
247|1
248|1
249|1
250|1
251|1
252|1
253|1
254|1
255|1
256|1
257|1
258|1
259|1
260|1
261|1
262|1
263|1
264|1
265|1
266|1
267|1
268|1
269|1
270|1
271|1
272|1
273|1
274|1
275|1
276|1
277|1
278|1
279|1
280|1
281|1
282|1
283|1
284|1
285|1
286|1
287|1
288|1
289|1
290|1
291|1
292|1
293|1
294|1
295|1
296|1
297|1
298|1
299|1
300|1
301|1
302|1
303|1
304|1
305|1
306|1
307|1
308|1
309|1
310|1
311|1
312|1
313|1
314|1
315|1
316|1
317|1
318|1
319|1
320|1
321|1
322|1
323|1
324|1
325|1
326|1
327|1
328|1
329|1
330|1
331|1
332|1
333|1
334|1
335|1
336|1
337|1
338|1
339|1
340|1
341|1
342|1
343|1
344|1
345|1
346|1
347|1
348|1
349|1
350|1
351|1
352|1
353|1
354|1
355|1
356|1
357|1
358|1
359|1
360|1
361|1
362|1
363|1
364|1
365|1
366|1
367|1
368|1
369|1
370|1
371|1
372|1
373|1
374|1
375|1
376|1
377|1
378|1
379|1
380|1
381|1
382|1
383|1
384|1
385|1
386|1
387|1
388|1
389|1
390|1
391|1
392|1
393|1
394|1
395|1
396|1
397|1
398|1
399|1
400|1
401|1
402|1
403|1
404|1
405|1
406|1
407|1
408|1
409|1
410|1
411|1
412|1
413|1
414|1
415|1
416|1
417|1
418|1
419|1
420|1
421|1
422|1
423|1
424|1
425|1
426|1
427|1
428|1
429|1
430|1
431|1
432|1
433|1
434|1
435|1
436|1
437|1
438|1
439|1
440|1
441|1
442|1
443|1
444|1
445|1
446|1
447|1
448|1
449|1
450|1
451|1
452|1
453|1
454|1
455|1
456|1
457|1
458|1
459|1
460|1
461|1
462|1
463|1
464|1
465|1
466|1
467|1
468|1
469|1
470|1
471|1
472|1
473|1
474|1
475|1
476|1
477|1
478|1
479|1
480|1
481|1
482|1
483|1
484|1
485|1
486|1
487|1
488|1
489|1
490|1
491|1
492|1
493|1
494|1
495|1
496|1
497|1
498|1
499|1
500|1
501|1
502|1
503|1
504|1
505|1
506|1
507|1
508|1
509|1
510|1
511|1
512|1
513|1
514|1
515|1
516|1
517|1
518|1
519|1
520|1
521|1
522|1
523|1
524|1
525|1
526|1
527|1
528|1
529|1
530|1
531|1
532|1
533|1
534|1
535|1
536|1
537|1
538|1
539|1
540|1
541|1
542|1
543|1
544|1
545|1
546|1
547|1
548|1
549|1
550|1
551|1
552|1
553|1
554|1
555|1
556|1
557|1
558|1
559|1
560|1
561|1
562|1
563|1
564|1
565|1
566|1
567|1
568|1
569|1
570|1
571|1
572|1
573|1
574|1
575|1
576|1
577|1
578|1
579|1
580|1
581|1
582|1
583|1
584|1
585|1
586|1
587|1
588|1
589|1
590|1
591|1
592|1
593|1
594|1
595|1
596|1
597|1
598|1
599|1
600|1
601|1
602|1
603|1
604|1
605|1
606|1
607|1
608|1
609|1
610|1
611|1
612|1
613|1
614|1
615|1
616|1
617|1
618|1
619|1
620|1
621|1
622|1
623|1
624|1
625|1
626|1
627|1
628|1
629|1
630|1
631|1
632|1
633|1
634|1
635|1
636|1
637|1
638|1
639|1
640|1
641|1
642|1
643|1
644|1
645|1
646|1
647|1
648|1
649|1
650|1
651|1
652|1
653|1
654|1
655|1
656|1
657|1
658|1
659|1
660|1
661|1
662|1
663|1
664|1
665|1
666|1
667|1
668|1
669|1
670|1
671|1
672|1
673|1
674|1
675|1
676|1
677|1
678|1
679|1
680|1
681|1
682|1
683|1
684|1
685|1
686|1
687|1
688|1
689|1
690|1
691|1
692|1
693|1
694|1
695|1
696|1
697|1
698|1
699|1
700|1
701|1
702|1
703|1
704|1
705|1
706|1
707|1
708|1
709|1
710|1
711|1
712|1
713|1
714|1
715|1
716|1
717|1
718|1
719|1
720|1
721|1
722|1
723|1
724|1
725|1
726|1
727|1
728|1
729|1
730|1
731|1
732|1
733|1
734|1
735|1
736|1
737|1
738|1
739|1
740|1
741|1
742|1
743|1
744|1
745|1
746|1
747|1
748|1
749|1
750|1
751|1
752|1
753|1
754|1
755|1
756|1
757|1
758|1
759|1
760|1
761|1
762|1
763|1
764|1
765|1
766|1
767|1
768|1
769|1
770|1
771|1
772|1
773|1
774|1
775|1
776|1
777|1
778|1
779|1
780|1
781|1
782|1
783|1
784|1
785|1
786|1
787|1
788|1
789|1
790|1
791|1
792|1
793|1
794|1
795|1
796|1
797|1
798|1
799|1
800|1
801|1
802|1
803|1
804|1
805|1
806|1
807|1
808|1
809|1
810|1
811|1
812|1
813|1
814|1
815|1
816|1
817|1
818|1
819|1
820|1
821|1
822|1
823|1
824|1
825|1
826|1
827|1
828|1
829|1
830|1
831|1
832|1
833|1
834|3
835|3
836|3
837|3
838|3
839|3
840|3
841|3
842|3
843|3
844|3
845|3
846|3
847|3
848|3
849|3
850|3
851|3
852|3
853|3
854|3
855|3
856|3
857|3
858|3
859|3
860|3
861|3
862|3
863|3
864|3
865|3
866|3
867|3
868|3
869|3
870|3
871|3
872|3
873|3
874|3
875|3
876|3
877|3
878|3
879|3
880|3
881|3
882|3
883|3
884|3
885|3
886|3
887|3
888|3
889|3
890|3
891|3
892|3
893|3
894|3
895|3
896|3
897|3
898|3
899|3
900|3
901|3
902|3
903|3
904|3
905|3
906|3
907|3
908|3
909|3
910|3
911|3
912|3
913|3
914|3
915|3
916|3
917|3
918|3
919|3
920|3
921|3
922|3
923|3
924|3
925|3
926|3
927|3
928|3
929|3
930|3
931|3
932|3
933|3
934|3
935|3
936|3
937|3
938|3
939|3
940|3
941|3
942|3
943|3
944|3
945|3
946|3
947|3
948|3
949|3
950|3
951|3
952|3
953|3
954|3
955|3
956|3
957|3
958|3
959|3
960|3
961|3
962|3
963|3
964|3
965|3
966|3
967|3
968|3
969|3
970|3
971|3
972|3
973|3
974|3
975|3
976|3
977|3
978|3
979|3
980|3
981|3
982|3
983|3
984|3
985|3
986|3
987|3
988|3
989|3
990|3
991|3
992|3
993|3
994|3
995|3
996|3
997|3
998|3
999|3
1000|3
1001|3
1002|3
1003|3
1004|3
1005|3
1006|3
1007|3
1008|3
1009|3
1010|3
1011|3
1012|3
1013|3
1014|3
1015|3
1016|3
1017|3
1018|3
1019|3
1020|3
1021|3
1022|3
1023|3
1024|3
1025|3
1026|3
1027|3
1028|3
1029|0
1030|3
1031|3
1032|3
1033|3
1034|3
1035|3
1036|3
1037|3
1038|3
1039|3
1040|3
1041|3
1042|3
1043|3
1044|3
1045|3
1046|3
1047|3
1048|3
1049|3
1050|3
1051|3
1052|3
1053|3
1054|3
1055|3
1056|3
1057|3
1058|3
1059|3
1060|3
1061|3
1062|3
1063|3
1064|3
1065|3
1066|3
1067|3
1068|3
1069|3
1070|3
1071|3
1072|3
1073|3
1074|3
1075|3
1076|3
1077|3
1078|3
1079|3
1080|3
1081|3
1082|3
1083|3
1084|3
1085|3
1086|3
1087|3
1088|3
1089|3
1090|3
1091|3
1092|3
1093|3
1094|3
1095|3
1096|3
1097|3
1098|3
1099|3
1100|3
1101|3
1102|3
1103|3
1104|3
1105|3
1106|3
1107|3
1108|3
1109|3
1110|3
1111|3
1112|3
1113|3
1114|3
1115|3
1116|3
1117|3
1118|3
1119|3
1120|3
1121|3
1122|3
1123|3
1124|3
1125|3
1126|3
1127|3
1128|3
1129|3
1130|3
1131|3
1132|3
1133|3
1134|3
1135|3
1136|3
1137|3
1138|3
1139|3
1140|3
1141|3
1142|3
1143|0
1144|3
1145|3
1146|3
1147|3
1148|3
1149|3
1150|3
1151|3
1152|3
1153|3
1154|3
1155|3
1156|3
1157|3
1158|3
1159|3
1160|3
1161|3
1162|3
1163|3
1164|3
1165|3
1166|3
1167|3
1168|3
1169|3
1170|3
1171|3
1172|3
1173|3
1174|3
1175|3
1176|3
1177|3
1178|3
1179|3
1180|3
1181|3
1182|3
1183|3
1184|3
1185|3
1186|3
1187|3
1188|3
1189|3
1190|3
1191|3
1192|3
1193|3
1194|3
1195|3
1196|3
1197|3
1198|3
1199|3
1200|3
1201|3
1202|3
1203|3
1204|3
1205|3
1206|3
1207|3
1208|3
1209|3
1210|3
1211|3
1212|3
1213|3
1214|3
1215|3
1216|3
1217|3
1218|3
1219|3
1220|3
1221|3
1222|3
1223|3
1224|3
1225|3
1226|3
1227|3
1228|3
1229|3
1230|3
1231|3
1232|3
1233|3
1234|3
1235|3
1236|3
1237|3
1238|3
1239|3
1240|3
1241|3
1242|3
1243|3
1244|3
1245|3
1246|3
1247|3
1248|3
1249|3
1250|3
1251|3
1252|3
1253|3
1254|3
1255|3
1256|3
1257|3
1258|3
1259|3
1260|3
1261|3
1262|3
1263|3
1264|3
1265|3
1266|3
1267|3
1268|3
1269|3
1270|3
1271|3
1272|3
1273|3
1274|3
1275|3
1276|3
1277|3
1278|3
1279|3
1280|3
1281|3
1282|3
1283|3
1284|3
1285|3
1286|3
1287|3
1288|3
1289|3
1290|3
1291|3
1292|3
1293|3
1294|3
1295|3
1296|3
1297|3
1298|3
1299|3
1300|3
1301|3
1302|3
1303|3
1304|3
1305|3
1306|3
1307|3
1308|3
1309|3
1310|3
1311|3
1312|3
1313|3
1314|3
1315|3
1316|3
1317|3
1318|3
1319|3
1320|3
1321|3
1322|3
1323|3
1324|3
1325|3
1326|3
1327|3
1328|3
1329|3
1330|3
1331|3
1332|3
1333|3
1334|3
1335|3
1336|3
1337|3
1338|3
1339|3
1340|3
1341|3
1342|3
1343|3
1344|3
1345|3
1346|3
1347|3
1348|3
1349|3
1350|3
1351|3
1352|3
1353|3
1354|3
1355|3
1356|3
1357|3
1358|3
1359|3
1360|3
1361|3
1362|3
1363|3
1364|3
1365|3
1366|3
1367|3
1368|3
1369|3
1370|3
1371|3
1372|3
1373|3
1374|3
1375|3
1376|3
1377|3
1378|3
1379|3
1380|3
1381|3
1382|3
1383|3
1384|3
1385|3
1386|3
1387|3
1388|3
1389|3
1390|3
1391|3
1392|3
1393|3
1394|3
1395|3
1396|3
1397|3
1398|3
1399|3
1400|3
1401|3
1402|3
1403|3
1404|3
1405|3
1406|3
1407|3
1408|3
1409|3
1410|3
1411|3
1412|3
1413|3
1414|3
1415|3
1416|3
1417|3
1418|3
1419|3
1420|3
1421|3
1422|3
1423|3
1424|3
1425|3
1426|3
1427|3
1428|3
1429|3
1430|3
1431|3
1432|3
1433|3
1434|3
1435|3
1436|3
1437|3
1438|3
1439|3
1440|3
1441|3
1442|3
1443|3
1444|3
1445|3
1446|3
1447|3
1448|3
1449|3
1450|3
1451|3
1452|3
1453|3
1454|3
1455|3
1456|3
1457|3
1458|3
1459|3
1460|3
1461|3
1462|3
1463|3
1464|3
1465|3
1466|3
1467|3
1468|3
1469|3
1470|3
1471|3
1472|3
1473|3
1474|3
1475|3
1476|3
1477|3
1478|3
1479|3
1480|3
1481|3
1482|3
1483|3
1484|3
1485|3
1486|3
1487|3
1488|3
1489|3
1490|3
1491|3
1492|3
1493|3
1494|3
1495|3
1496|3
1497|3
1498|3
1499|3
1500|3
1501|3
1502|3
1503|3
1504|3
1505|3
1506|3
1507|3
1508|3
1509|3
1510|3
1511|3
1512|3
1513|3
1514|3
1515|3
1516|3
1517|3
1518|3
1519|3
1520|3
1521|3
1522|3
1523|3
1524|3
1525|3
1526|3
1527|3
1528|3
1529|3
1530|3
1531|3
1532|3
1533|3
1534|3
1535|3
1536|3
1537|3
1538|3
1539|3
1540|3
1541|3
1542|3
1543|3
1544|3
1545|3
1546|3
1547|3
1548|3
1549|3
1550|3
1551|3
1552|3
1553|3
1554|3
1555|3
1556|3
1557|3
1558|3
1559|3
1560|3
1561|3
1562|3
1563|3
1564|3
1565|3
1566|3
1567|3
1568|3
1569|3
1570|3
1571|3
1572|3
1573|3
1574|3
1575|3
1576|3
1577|3
1578|3
1579|3
1580|3
1581|3
1582|3
1583|3
1584|3
1585|3
1586|3
1587|3
1588|3
1589|3
1590|3
1591|3
1592|3
1593|3
1594|3
1595|3
1596|3
1597|3
1598|3
1599|3
1600|3
1601|3
1602|3
1603|3
1604|3
1605|3
1606|3
1607|3
1608|3
1609|3
1610|3
1611|3
1612|3
1613|3
1614|3
1615|3
1616|3
1617|3
1618|3
1619|3
1620|3
1621|3
1622|3
1623|3
1624|3
1625|3
1626|3
1627|3
1628|3
1629|3
1630|3
1631|3
1632|3
1633|3
1634|3
1635|3
1636|3
1637|3
1638|3
1639|3
1640|3
1641|3
1642|3
1643|3
1644|3
1645|3
1646|3
1647|3
1648|3
1649|3
1650|3
1651|3
1652|3
1653|3
1654|3
1655|3
1656|3
1657|3
1658|3
1659|4
1660|4
1661|4
1662|4
1663|4
1664|4
1665|4
1666|4
1667|4
1668|4
1669|0
1670|4
1671|4
1672|4
1673|4
1674|4
1675|4
1676|4
1677|4
1678|4
1679|4
1680|4
1681|4
1682|4
1683|4
1684|4
1685|4
1686|4
1687|4
1688|4
1689|4
1690|4
1691|4
1692|4
1693|4
1694|4
1695|4
1696|4
1697|4
1698|4
1699|4
1700|4
1701|4
1702|4
1703|4
1704|4
1705|4
1706|4
1707|4
1708|4
1709|4
1710|4
1711|4
1712|4
1713|4
1714|4
1715|4
1716|4
1717|4
1718|4
1719|4
1720|4
1721|4
1722|4
1723|4
1724|4
1725|4
1726|4
1727|4
1728|4
1729|4
1730|4
1731|4
1732|4
1733|4
1734|4
1735|4
1736|4
1737|4
1738|4
1739|4
1740|4
1741|4
1742|4
1743|4
1744|4
1745|4
1746|4
1747|4
1748|4
1749|4
1750|4
1751|4
1752|4
1753|4
1754|4
1755|4
1756|4
1757|4
1758|4
1759|4
1760|4
1761|4
1762|4
1763|4
1764|4
1765|4
1766|4
1767|4
1768|4
1769|4
1770|4
1771|4
1772|4
1773|4
1774|4
1775|4
1776|4
1777|4
1778|4
1779|4
1780|4
1781|4
1782|4
1783|4
1784|4
1785|4
1786|4
1787|4
1788|4
1789|4
1790|4
1791|4
1792|4
1793|4
1794|4
1795|4
1796|4
1797|4
1798|4
1799|4
1800|4
1801|4
1802|4
1803|4
1804|4
1805|4
1806|4
1807|4
1808|4
1809|4
1810|4
1811|4
1812|4
1813|4
1814|4
1815|4
1816|4
1817|4
1818|4
1819|4
1820|4
1821|4
1822|4
1823|4
1824|4
1825|4
1826|4
1827|4
1828|4
1829|4
1830|4
1831|4
1832|4
1833|4
1834|4
1835|4
1836|4
1837|4
1838|4
1839|4
1840|4
1841|4
1842|4
1843|4
1844|4
1845|4
1846|4
1847|4
1848|4
1849|4
1850|4
1851|4
1852|4
1853|4
1854|4
1855|4
1856|4
1857|4
1858|4
1859|4
1860|4
1861|4
1862|4
1863|4
1864|4
1865|4
1866|4
1867|4
1868|4
1869|4
1870|4
1871|4
1872|4
1873|4
1874|4
1875|4
1876|4
1877|4
1878|4
1879|4
1880|4
1881|4
1882|4
1883|4
1884|4
1885|4
1886|4
1887|4
1888|4
1889|4
1890|4
1891|4
1892|4
1893|4
1894|4
1895|4
1896|4
1897|4
1898|4
1899|4
1900|4
1901|4
1902|4
1903|4
1904|4
1905|4
1906|4
1907|4
1908|4
1909|4
1910|4
1911|4
1912|4
1913|4
1914|4
1915|4
1916|4
1917|4
1918|4
1919|4
1920|4
1921|4
1922|4
1923|4
1924|4
1925|4
1926|4
1927|4
1928|4
1929|4
1930|4
1931|4
1932|4
1933|4
1934|4
1935|4
1936|4
1937|4
1938|4
1939|4
1940|4
1941|4
1942|4
1943|4
1944|4
1945|4
1946|4
1947|4
1948|4
1949|4
1950|4
1951|4
1952|4
1953|4
1954|4
1955|4
1956|4
1957|4
1958|4
1959|4
1960|4
1961|4
1962|4
1963|4
1964|4
1965|4
1966|4
1967|4
1968|4
1969|4
1970|4
1971|4
1972|4
1973|4
1974|4
1975|4
1976|4
1977|4
1978|4
1979|4
1980|4
1981|4
1982|4
1983|4
1984|4
1985|4
1986|4
1987|4
1988|4
1989|4
1990|4
1991|4
1992|4
1993|4
1994|4
1995|4
1996|4
1997|4
1998|4
1999|4
2000|4
2001|4
2002|4
2003|4
2004|4
2005|4
2006|4
2007|4
2008|4
2009|4
2010|4
2011|4
2012|4
2013|4
2014|4
2015|4
2016|4
2017|4
2018|0
2019|4
2020|4
2021|4
2022|4
2023|4
2024|4
2025|4
2026|4
2027|4
2028|4
2029|4
2030|4
2031|4
2032|4
2033|4
2034|4
2035|4
2036|4
2037|4
2038|4
2039|4
2040|4
2041|4
2042|4
2043|4
2044|4
2045|4
2046|4
2047|4
2048|4
2049|4
2050|4
2051|4
2052|4
2053|4
2054|4
2055|4
2056|4
2057|4
2058|4
2059|4
2060|4
2061|4
2062|4
2063|4
2064|4
2065|4
2066|4
2067|4
2068|4
2069|4
2070|4
2071|4
2072|4
2073|4
2074|4
2075|4
2076|4
2077|4
2078|4
2079|4
2080|4
2081|4
2082|4
2083|4
2084|4
2085|4
2086|4
2087|4
2088|4
2089|4
2090|4
2091|4
2092|4
2093|4
2094|4
2095|4
2096|4
2097|4
2098|4
2099|4
2100|4
2101|4
2102|4
2103|4
2104|4
2105|4
2106|4
2107|4
2108|4
2109|4
2110|4
2111|4
2112|4
2113|4
2114|4
2115|4
2116|4
2117|4
2118|4
2119|4
2120|4
2121|4
2122|4
2123|4
2124|4
2125|4
2126|4
2127|4
2128|4
2129|4
2130|4
2131|4
2132|4
2133|4
2134|4
2135|4
2136|4
2137|4
2138|4
2139|4
2140|4
2141|4
2142|4
2143|4
2144|4
2145|4
2146|4
2147|4
2148|4
2149|4
2150|4
2151|4
2152|4
2153|4
2154|4
2155|4
2156|4
2157|4
2158|4
2159|4
2160|4
2161|4
2162|4
2163|4
2164|4
2165|4
2166|4
2167|4
2168|4
2169|4
2170|4
2171|4
2172|4
2173|4
2174|4
2175|4
2176|4
2177|4
2178|4
2179|4
2180|4
2181|4
2182|4
2183|4
2184|4
2185|4
2186|4
2187|4
2188|4
2189|4
2190|4
2191|4
2192|4
2193|4
2194|4
2195|4
2196|4
2197|4
2198|4
2199|4
2200|4
2201|4
2202|4
2203|4
2204|4
2205|4
2206|4
2207|4
2208|4
2209|4
2210|4
2211|4
2212|4
2213|4
2214|4
2215|4
2216|4
2217|4
2218|4
2219|4
2220|4
2221|4
2222|4
2223|4
2224|4
2225|4
2226|4
2227|4
2228|5
2229|4
2230|4
2231|4
2232|4
2233|4
2234|4
2235|4
2236|4
2237|4
2238|4
2239|4
2240|4
2241|4
2242|4
2243|4
2244|4
2245|4
2246|4
2247|4
2248|4
2249|4
2250|4
2251|4
2252|4
2253|4
2254|4
2255|4
2256|4
2257|4
2258|4
2259|4
2260|4
2261|4
2262|4
2263|4
2264|4
2265|4
2266|4
2267|4
2268|4
2269|4
2270|4
2271|4
2272|4
2273|4
2274|4
2275|4
2276|4
2277|4
2278|4
2279|4
2280|4
2281|4
2282|4
2283|4
2284|4
2285|4
2286|4
2287|4
2288|4
2289|4
2290|4
2291|4
2292|4
2293|4
2294|4
2295|4
2296|4
2297|4
2298|4
2299|4
2300|4
2301|4
2302|4
2303|4
2304|4
2305|4
2306|4
2307|4
2308|4
2309|4
2310|4
2311|4
2312|4
2313|4
2314|4
2315|4
2316|4
2317|4
2318|4
2319|4
2320|4
2321|4
2322|4
2323|4
2324|4
2325|4
2326|4
2327|4
2328|4
2329|4
2330|4
2331|4
2332|4
2333|4
2334|4
2335|4
2336|4
2337|4
2338|4
2339|4
2340|4
2341|4
2342|4
2343|4
2344|4
2345|4
2346|4
2347|4
2348|4
2349|4
2350|4
2351|4
2352|4
2353|4
2354|4
2355|4
2356|4
2357|4
2358|4
2359|4
2360|4
2361|4
2362|4
2363|4
2364|4
2365|4
2366|4
2367|4
2368|4
2369|4
2370|4
2371|4
2372|4
2373|4
2374|4
2375|4
2376|4
2377|4
2378|4
2379|4
2380|4
2381|4
2382|4
2383|4
2384|4
2385|4
2386|4
2387|4
2388|4
2389|4
2390|4
2391|4
2392|4
2393|4
2394|4
2395|4
2396|4
2397|4
2398|4
2399|4
2400|4
2401|4
2402|4
2403|4
2404|4
2405|4
2406|4
2407|4
2408|4
2409|4
2410|4
2411|4
2412|4
2413|4
2414|4
2415|4
2416|4
2417|4
2418|4
2419|4
2420|4
2421|4
2422|4
2423|4
2424|4
2425|4
2426|4
2427|4
2428|4
2429|4
2430|4
2431|4
2432|4
2433|4
2434|4
2435|4
2436|4
2437|4
2438|4
2439|4
2440|4
2441|4
2442|4
2443|4
2444|4
2445|4
2446|4
2447|4
2448|4
2449|4
2450|4
2451|4
2452|4
2453|4
2454|0
2455|4
2456|4
2457|4
2458|4
2459|4
2460|4
2461|4
2462|4
2463|4
2464|4
2465|4
2466|4
2467|4
2468|4
2469|4
2470|4
2471|4
2472|4
2473|4
2474|4
2475|4
2476|4
2477|4
2478|4
2479|4
2480|4
2481|4
2482|4
2483|4
2484|4
2485|4
2486|4
2487|4
2488|4
2489|4
2490|4
2491|4
2492|4
2493|4
2494|4
2495|4
2496|4
2497|4
2498|4
2499|4
2500|4
2501|4
2502|4
2503|4
2504|4
2505|4
2506|4
2507|4
2508|4
2509|4
2510|4
2511|4
2512|4
2513|4
2514|4
2515|4
2516|4
2517|5
2518|5
2519|5
2520|5
2521|5
2522|5
2523|5
2524|5
2525|5
2526|5
2527|5
2528|5
2529|5
2530|5
2531|5
2532|5
2533|5
2534|5
2535|5
2536|5
2537|5
2538|5
2539|5
2540|5
2541|5
2542|5
2543|5
2544|5
2545|5
2546|5
2547|5
2548|5
2549|5
2550|5
2551|5
2552|5
2553|5
2554|3
2555|5
2556|5
2557|5
2558|5
2559|5
2560|5
2561|5
2562|5
2563|5
2564|5
2565|5
2566|5
2567|5
2568|5
2569|5
2570|5
2571|5
2572|5
2573|5
2574|5
2575|5
2576|5
2577|5
2578|5
2579|5
2580|5
2581|5
2582|5
2583|5
2584|5
2585|5
2586|5
2587|5
2588|5
2589|5
2590|5
2591|5
2592|5
2593|5
2594|5
2595|5
2596|5
2597|5
2598|5
2599|5
2600|5
2601|5
2602|5
2603|5
2604|5
2605|5
2606|5
2607|5
2608|5
2609|5
2610|5
2611|5
2612|5
2613|5
2614|5
2615|5
2616|5
2617|5
2618|5
2619|5
2620|5
2621|5
2622|5
2623|5
2624|5
2625|5
2626|5
2627|5
2628|5
2629|5
2630|5
2631|5
2632|5
2633|5
2634|5
2635|5
2636|5
2637|5
2638|5
2639|5
2640|5
2641|5
2642|5
2643|5
2644|5
2645|5
2646|5
2647|5
2648|5
2649|5
2650|5
2651|5
2652|5
2653|5
2654|5
2655|5
2656|5
2657|5
2658|5
2659|5
2660|5
2661|5
2662|5
2663|5
2664|5
2665|5
2666|5
2667|5
2668|5
2669|5
2670|5
2671|5
2672|5
2673|5
2674|5
2675|5
2676|5
2677|5
2678|5
2679|5
2680|5
2681|5
2682|5
2683|5
2684|5
2685|5
2686|5
2687|5
2688|5
2689|5
2690|5
2691|5
2692|5
2693|5
2694|5
2695|5
2696|5
2697|5
2698|5
2699|5
2700|5
2701|5
2702|5
2703|5
2704|5
2705|5
2706|5
2707|5
2708|5
2709|5
2710|5
2711|5
2712|5
2713|5
2714|5
2715|5
2716|5
2717|5
2718|5
2719|5
2720|5
2721|5
2722|5
2723|5
2724|5
2725|5
2726|5
2727|5
2728|5
2729|5
2730|5
2731|5
2732|5
2733|5
2734|5
2735|5
2736|5
2737|5
2738|5
2739|5
2740|5
2741|5
2742|5
2743|5
2744|5
2745|5
2746|5
2747|5
2748|5
2749|5
2750|5
2751|5
2752|5
2753|5
2754|5
2755|5
2756|5
2757|5
2758|5
2759|5
2760|5
2761|5
2762|5
2763|5
2764|5
2765|5
2766|5
2767|5
2768|5
2769|5
2770|5
2771|5
2772|5
2773|5
2774|5
2775|5
2776|5
2777|5
2778|5
2779|5
2780|5
2781|5
2782|5
2783|5
2784|5
2785|5
2786|5
2787|5
2788|5
2789|5
2790|5
2791|5
2792|5
2793|5
2794|5
2795|5
2796|5
2797|5
2798|5
2799|5
2800|5
2801|5
2802|5
2803|5
2804|5
2805|5
2806|5
2807|5
2808|5
2809|5
2810|5
2811|5
2812|5
2813|5
2814|5
2815|5
2816|5
2817|5
2818|5
2819|5
2820|5
2821|5
2822|5
2823|5
2824|5
2825|5
2826|5
2827|5
2828|5
2829|5
2830|5
2831|5
2832|5
2833|5
2834|5
2835|5
2836|5
2837|5
2838|5
2839|5
2840|5
2841|5
2842|5
2843|5
2844|5
2845|5
2846|5
2847|5
2848|5
2849|5
2850|5
2851|5
2852|5
2853|5
2854|5
2855|5
2856|5
2857|5
2858|5
2859|5
2860|5
2861|5
2862|5
2863|5
2864|5
2865|5
2866|5
2867|5
2868|5
2869|5
2870|5
2871|5
2872|5
2873|5
2874|5
2875|5
2876|5
2877|5
2878|5
2879|5
2880|5
2881|5
2882|5
2883|5
2884|5
2885|5
2886|5
2887|5
2888|5
2889|5
2890|5
2891|5
2892|5
2893|5
2894|5
2895|5
2896|5
2897|5
2898|5
2899|5
2900|5
2901|5
2902|5
2903|5
2904|5
2905|5
2906|5
2907|5
2908|5
2909|5
2910|5
2911|5
2912|5
2913|5
2914|5
2915|5
2916|5
2917|5
2918|5
2919|5
2920|5
2921|5
2922|5
2923|5
2924|5
2925|5
2926|5
2927|5
2928|5
2929|5
2930|5
2931|5
2932|5
2933|5
2934|5
2935|5
2936|5
2937|5
2938|5
2939|5
2940|5
2941|5
2942|5
2943|5
2944|5
2945|5
2946|5
2947|5
2948|5
2949|5
2950|5
2951|5
2952|5
2953|5
2954|5
2955|5
2956|5
2957|5
2958|5
2959|5
2960|5
2961|5
2962|5
2963|5
2964|5
2965|5
2966|5
2967|5
2968|5
2969|5
2970|5
2971|5
2972|5
2973|5
2974|5
2975|5
2976|5
2977|5
2978|5
2979|5
2980|5
2981|5
2982|5
2983|5
2984|5
2985|5
2986|5
2987|5
2988|5
2989|5
2990|5
2991|5
2992|5
2993|5
2994|5
2995|5
2996|5
2997|5
2998|5
2999|5
3000|5
3001|5
3002|5
3003|5
3004|5
3005|5
3006|5
3007|5
3008|5
3009|5
3010|5
3011|5
3012|5
3013|5
3014|5
3015|5
3016|5
3017|5
3018|5
3019|5
3020|5
3021|5
3022|5
3023|5
3024|5
3025|5
3026|5
3027|5
3028|5
3029|5
3030|5
3031|5
3032|5
3033|5
3034|5
3035|5
3036|5
3037|5
3038|5
3039|5
3040|5
3041|5
3042|5
3043|5
3044|5
3045|5
3046|5
3047|5
3048|5
3049|5
3050|5
3051|5
3052|5
3053|5
3054|5
3055|5
3056|5
3057|5
3058|5
3059|5
3060|5
3061|5
3062|5
3063|5
3064|5
3065|5
3066|5
3067|5
3068|5
3069|5
3070|5
3071|5
3072|5
3073|5
3074|5
3075|5
3076|5
3077|5
3078|5
3079|5
3080|5
3081|5
3082|5
3083|5
3084|5
3085|5
3086|5
3087|5
3088|5
3089|5
3090|5
3091|5
3092|5
3093|5
3094|5
3095|5
3096|5
3097|5
3098|5
3099|5
3100|5
3101|5
3102|5
3103|5
3104|5
3105|5
3106|5
3107|5
3108|5
3109|5
3110|5
3111|5
3112|5
3113|5
3114|5
3115|5
3116|5
3117|5
3118|5
3119|5
3120|5
3121|5
3122|5
3123|5
3124|5
3125|5
3126|5
3127|5
3128|5
3129|5
3130|5
3131|5
3132|5
3133|5
3134|5
3135|5
3136|5
3137|5
3138|5
3139|5
3140|5
3141|5
3142|5
3143|5
3144|5
3145|5
3146|5
3147|5
3148|5
3149|5
3150|5
3151|5
3152|5
3153|5
3154|5
3155|5
3156|5
3157|5
3158|5
3159|5
3160|5
3161|5
3162|5
3163|5
3164|5
3165|5
3166|5
3167|5
3168|5
3169|5
3170|5
3171|5
3172|5
3173|5
3174|5
3175|5
3176|5
3177|5
3178|5
3179|5
3180|5
3181|5
3182|5
3183|5
3184|5
3185|5
3186|5
3187|5
3188|5
3189|5
3190|5
3191|5
3192|5
3193|5
3194|5
3195|5
3196|5
3197|5
3198|5
3199|5
3200|5
3201|5
3202|5
3203|5
3204|5
3205|5
3206|5
3207|5
3208|5
3209|5
3210|5
3211|5
3212|5
3213|5
3214|5
3215|5
3216|5
3217|5
3218|5
3219|5
3220|5
3221|5
3222|5
3223|5
3224|5
3225|5
3226|5
3227|5
3228|5
3229|5
3230|5
3231|5
3232|5
3233|5
3234|5
3235|5
3236|5
3237|5
3238|5
3239|5
3240|5
3241|5
3242|5
3243|5
3244|5
3245|5
3246|5
3247|5
3248|5
3249|5
3250|5
3251|5
3252|5
3253|5
3254|5
3255|5
3256|5
3257|5
3258|5
3259|5
3260|5
3261|5
3262|5
3263|5
3264|5
3265|5
3266|5
3267|5
3268|5
3269|5
3270|5
3271|5
3272|5
3273|5
3274|5
3275|5
3276|5
3277|5
3278|5
3279|5
3280|5
3281|5
3282|5
3283|5
3284|0
3285|5
3286|5
3287|5
3288|5
3289|5
3290|5
3291|5
3292|5
3293|5
3294|5
3295|5
3296|5
3297|5
3298|5
3299|5
3300|5
3301|5
3302|5
3303|5
3304|5
3305|5
3306|5
3307|5
3308|5
3309|5
3310|5
3311|5
3312|5
3313|5
3314|5
3315|5
3316|5
3317|5
3318|5
3319|5
3320|5
3321|5
3322|5
3323|5
3324|5
3325|5
3326|5
3327|5
3328|5
3329|5
3330|5
3331|5
3332|5
3333|5
3334|5
3335|5
3336|5
3337|5
3338|5
3339|5
3340|5
3341|5
3342|5
3343|5
3344|5
3345|5
3346|5
3347|5
3348|5
3349|5
3350|5
3351|5
3352|5
3353|5
3354|5
